<?xml version="1.0" encoding="UTF-8"?>
<project-private xmlns="http://www.netbeans.org/ns/project-private/1">
    <editor-bookmarks xmlns="http://www.netbeans.org/ns/editor-bookmarks/2" lastBookmarkId="0"/>
    <open-files xmlns="http://www.netbeans.org/ns/projectui-open-files/2">
        <group>
            <file>file:/C:/Users/abish/OneDrive/Documents/NetBeansProjects/Guasap/src/ModelView/Guasap.java</file>
            <file>file:/C:/Users/abish/OneDrive/Documents/NetBeansProjects/Guasap/src/ModelView/Cliente.java</file>
            <file>file:/C:/Users/abish/OneDrive/Documents/NetBeansProjects/Guasap/src/ModelView/ManejadorCliente.java</file>
            <file>file:/C:/Users/abish/OneDrive/Documents/NetBeansProjects/Guasap/src/View/Enlace.java</file>
            <file>file:/C:/Users/abish/OneDrive/Documents/NetBeansProjects/Guasap/src/ModelView/Server.java</file>
            <file>file:/C:/Users/abish/OneDrive/Documents/NetBeansProjects/Guasap/src/View/Pantalla.java</file>
        </group>
    </open-files>
</project-private>
